,street,id,coordinates,address,region
1329,Малый Ивановский переулок,1,"37.640641,55.75364","город Москва, Малый Ивановский переулок, дом 4, строение 1",no_region
1330,Малый Казённый переулок,1,"37.65267,55.760287","город Москва, Малый Казённый переулок, дом 3",Басманный район
1331,Малый Каретный переулок,1,"37.614806,55.771327","город Москва, Малый Каретный переулок, дом 11, строение 2",Тверской район
1332,улица Лапина,1,"37.712704,55.756391","город Москва, улица Лапина, дом 3",район Лефортово
1333,улица Маршала Мерецкова,1,"37.490299,55.793748","город Москва, улица Маршала Мерецкова, дом 4",район Щукино
1334,Малый Коптевский проезд,1,"37.531451,55.809732","город Москва, Малый Коптевский проезд, дом 3",район Аэропорт
1335,Малый Конюшковский переулок,1,"37.580193,55.75824","город Москва, Малый Конюшковский переулок, дом 2",Пресненский район
1336,Машкинское шоссе,1,"37.386867,55.910483","город Москва, Машкинское шоссе, дом 7",район Куркино
1337,улица Маршала Новикова,1,"37.463143,55.803074","город Москва, улица Маршала Новикова, дом 13",район Щукино
1338,улица Малая Ордынка,1,"37.625208,55.735459","город Москва, улица Малая Ордынка, дом 24",район Замоскворечье
1339,Малый Лёвшинский переулок,1,"37.589536,55.742514","город Москва, Малый Лёвшинский переулок, дом 14/9, строение 1",район Хамовники
1340,улица Льва Яшина,1,"37.923044,55.698224","город Москва, улица Льва Яшина, дом 5, корпус 1",район Некрасовка
1341,Малый Путинковский переулок,1,"37.608185,55.766283","город Москва, Малый Путинковский переулок, дом 1/2, строение 1",Тверской район
1342,1-я Боевская улица,1,"37.692815,55.791805","город Москва, 1-я Боевская улица, дом 6",район Сокольники
1343,Малый Татарский переулок,1,"37.632251,55.737968","город Москва, Малый Татарский переулок, дом 8, строение 1",район Замоскворечье
1344,улица Максимова,1,"37.464985,55.796688","город Москва, улица Максимова, дом 18",район Щукино
1345,Малый Толмачёвский переулок,1,"37.619207,55.74114","город Москва, Малый Толмачёвский переулок, дом 8/11, строение 3",район Якиманка
1346,улица Малые Каменщики,1,"37.654188,55.735555","город Москва, улица Малые Каменщики, дом 18",Таганский район
1347,1-я Гражданская улица,1,"37.709012,55.807223","город Москва, 1-я Гражданская улица, дом 96",район Богородское
1348,Малый Полуярославский переулок,1,"37.661033,55.752237","город Москва, Малый Полуярославский переулок, дом 3/5, строение 1",Таганский район
1349,Мамоновский переулок,1,"37.599876,55.766228","город Москва, Мамоновский переулок, дом 10, строение 1",Тверской район
1350,улица Лефортовский Вал,1,"37.696346,55.755778","город Москва, улица Лефортовский Вал, дом 26",район Лефортово
1351,Мансуровский переулок,1,"37.593794,55.740309","город Москва, Мансуровский переулок, дом 10, строение 2",район Хамовники
1352,1-я Карачаровская улица,1,"37.754035,55.73591","город Москва, 1-я Карачаровская улица, дом 8, строение 1",Нижегородский район
1353,Мариупольская улица,1,"37.741351,55.674966","город Москва, Мариупольская улица, дом 3",район Люблино
1354,1-я Аэропортовская улица,1,"37.534523,55.800878","город Москва, 1-я Аэропортовская улица, дом 1, строение 3",район Аэропорт
1355,Малый Саввинский переулок,1,"37.562137,55.731054","город Москва, Малый Саввинский переулок, дом 8",район Хамовники
1356,Малый Николопесковский переулок,1,"37.59118,55.751001","город Москва, Малый Николопесковский переулок, дом 9/1, строение 2",район Арбат
1357,улица Линии Октябрьской Железной Дороги,1,"37.572082,55.838819","город Москва, улица Линии Октябрьской Железной Дороги, дом 2, строение 2",Тимирязевский район
1358,1-й проезд Марьиной Рощи,1,"37.621696,55.793748","город Москва, 1-й проезд Марьиной Рощи, дом 3А",район Марьина Роща
1359,Международная улица,1,"37.684811,55.745635","город Москва, Международная улица, дом 15",Таганский район
1360,Бабаевская улица,1,"37.689069,55.790595","город Москва, Бабаевская улица, дом 3",район Сокольники
1361,Мерзляковский переулок,1,"37.59648,55.756721","город Москва, Мерзляковский переулок, дом 15",Пресненский район
1362,улица Кухмистерова,1,"37.730041,55.683067","город Москва, улица Кухмистерова, дом 20, корпус 2",район Печатники
1363,Напрудный переулок,1,"37.631182,55.78851","город Москва, Напрудный переулок, дом 13",Мещанский район
1364,14-я Парковая улица,1,"37.816612,55.789932","город Москва, 14-я Парковая улица, дом 4Б",район Восточное Измайлово
1365,улица Капотня,1,"37.808428,55.639847","город Москва, улица Капотня, дом 34",район Капотня
1366,улица Каманина,1,"30.348621,53.937992","улица Каманина, домовладение 11, строение 2",no_region
1367,17-й проезд Марьиной Рощи,1,"37.61123,55.808553","город Москва, 17-й проезд Марьиной Рощи, дом 4",район Марьина Роща
1368,Нарвская улица,1,"37.508759,55.833607","город Москва, Нарвская улица, дом 2",район Коптево
1369,2-й Балтийский переулок,1,"37.523339,55.808361","город Москва, 2-й Балтийский переулок, дом 3",район Аэропорт
1370,улица Инессы Арманд,1,"37.546884,55.589274","город Москва, улица Инессы Арманд, дом 13",район Ясенево
1371,2-й Боткинский проезд,1,"37.548456,55.78074","город Москва, 2-й Боткинский проезд, дом 5, корпус 28",район Беговой
1372,Наро-Фоминская улица,1,"37.390604,55.657733","город Москва, Наро-Фоминская улица, дом 1",район Солнцево
1373,2-й Верхний Михайловский проезд,1,"37.605113,55.709551","город Москва, 2-й Верхний Михайловский проезд, дом 2",Донской район
1374,Народный проспект,1,"37.754269,55.774603","город Москва, Народный проспект, дом 17, строение 24",no_region
1375,2-й Вышеславцев переулок,1,"37.605984,55.790499","город Москва, 2-й Вышеславцев переулок, дом 17",район Марьина Роща
1376,улица Знаменские Садки,1,"37.574327,55.571968","город Москва, улица Знаменские Садки, дом 1А",район Северное Бутово
1377,Научный проезд,1,"37.553963,55.653304","город Москва, Научный проезд, дом 19",район Черёмушки
1378,улица Зенитчиков,1,"37.348123,55.834628","город Москва, улица Зенитчиков, дом 7",район Митино
1379,Глебовская улица,1,"37.715525,55.813202","город Москва, Глебовская улица, дом 10",район Богородское
1380,Глазовский переулок,1,"37.587084,55.743933","город Москва, Глазовский переулок, дом 5",район Хамовники
1381,Гжельский переулок,1,"37.680616,55.747647","город Москва, Гжельский переулок, дом 19, строение 2",Таганский район
1382,улица Захарьинские Дворики,1,"37.576412,55.503767","город Москва, улица Захарьинские Дворики, дом 1, корпус 1",район Южное Бутово
1383,Нелидовская улица,1,"37.442949,55.846067","город Москва, Нелидовская улица, дом 10, строение 1",район Южное Тушино
1384,улица Жуковского,1,"37.64542,55.763776","город Москва, улица Жуковского, дом 5",Басманный район
1385,улица Жебрунова,1,"37.678424,55.784997","город Москва, улица Жебрунова, дом 4",район Сокольники
1386,Неманский проезд,1,"37.393955,55.815903","город Москва, Неманский проезд, дом 1",район Строгино
1387,улица Екатерины Будановой,1,"37.43322,55.729787","город Москва, улица Екатерины Будановой, дом 18",район Кунцево
1388,Несвижский переулок,1,"37.588081,55.731764","город Москва, Несвижский переулок, дом 3",район Хамовники
1389,Гжатская улица,1,"37.440496,55.715799","город Москва, Гжатская улица, дом 6",Можайский район
1390,Нижний Журавлёв переулок,1,"37.706164,55.78359","город Москва, Нижний Журавлёв переулок, дом 3",район Соколиная Гора
1391,Нижний Кисельный переулок,1,"37.621785,55.765519","город Москва, Нижний Кисельный переулок, дом 3, строение 1",Мещанский район
1392,Нагорный бульвар,1,"37.59383,55.673844","город Москва, Нагорный бульвар, дом 5, корпус 1",район Котловка
1393,Глинистый переулок,1,"37.63729,55.787548","город Москва, Глинистый переулок, дом 7, строение 1",Мещанский район
1394,12-й проезд Марьиной Рощи,1,"37.618417,55.80445","город Москва, 12-й проезд Марьиной Рощи, владение 9, строение 2",район Марьина Роща
1395,Малый Знаменский переулок,1,"37.604978,55.748285","город Москва, Малый Знаменский переулок, дом 7/10, строение 2",район Хамовники
1396,улица Кутузова,1,"37.414499,55.72271","город Москва, улица Кутузова, дом 20",Можайский район
1397,1-я Миусская улица,1,"37.596965,55.779737","город Москва, 1-я Миусская улица, дом 4",Тверской район
1398,Миллионная улица,1,"37.697963,55.816252","город Москва, Миллионная улица, дом 5",район Богородское
1399,улица Кубинка,1,"37.408346,55.722974","город Москва, улица Кубинка, дом 20, корпус 1",Можайский район
1400,Гродненская улица,1,"37.435376,55.71769","город Москва, Гродненская улица, дом 5",Можайский район
1401,1-я Напрудная улица,1,"37.691064,55.879884","город Москва, 1-я Напрудная улица, дом 13",Лосиноостровский район
1402,улица Крутицкий Вал,1,"37.666297,55.72928","город Москва, улица Крутицкий Вал, дом 5",Южнопортовый район
1403,Минаевский переулок,1,"37.602813,55.789218","город Москва, Минаевский переулок, дом 2",район Марьина Роща
1404,Мирской переулок,1,"37.565919,55.796982","город Москва, Мирской переулок, дом 5",Савёловский район
1405,улица Красных Зорь,1,"37.426914,55.724713","город Москва, улица Красных Зорь, дом 61",Можайский район
1406,Гранатный переулок,1,"37.590506,55.75937","город Москва, Гранатный переулок, дом 7, строение 1",Пресненский район
1407,1-я Пугачёвская улица,1,"37.732126,55.795064","город Москва, 1-я Пугачёвская улица, дом 25, строение 1",район Преображенское
1408,Миусская площадь,1,"37.596588,55.778978","город Москва, Миусская площадь, дом 9, строение 8",Тверской район
1409,Михневский проезд,1,"37.66795,55.577495","город Москва, Михневский проезд, дом 4, корпус 1",район Бирюлёво Восточное
1410,Глинищевский переулок,1,"37.609775,55.763265","город Москва, Глинищевский переулок, дом 3",Тверской район
1411,1-я Чоботовская аллея,1,"37.35415,55.655793","город Москва, 1-я Чоботовская аллея, дом 6-Б",район Ново-Переделкино
1412,улица Кошкина,1,"37.674678,55.640878","город Москва, улица Кошкина, дом 13, корпус 2",район Москворечье-Сабурово
1413,1-я линия Хорошёвского Серебряного Бора,1,"37.443955,55.784379","город Москва, 1-я линия Хорошёвского Серебряного Бора, домовладение 10, строение 1",no_region
1414,Мишина улица,1,"37.561931,55.796638","город Москва, Мишина улица, дом 35",Савёловский район
1415,Госпитальный переулок,1,"37.687497,55.770993","город Москва, Госпитальный переулок, дом 3",Басманный район
1416,Молодёжная улица,1,"37.547836,55.693789","город Москва, Молодёжная улица, дом 4",Гагаринский район
1417,Городская улица,1,"37.617168,55.713836","город Москва, Городская улица, дом 8",Даниловский район
1418,11-я Парковая улица,1,"37.806299,55.807294","город Москва, 11-я Парковая улица, дом 50",район Северное Измайлово
1419,улица Константинова,1,"37.655248,55.816874","город Москва, улица Константинова, дом 11А",Алексеевский район
1420,Мрузовский переулок,1,"37.66742,55.757445","город Москва, Мрузовский переулок, дом 11, строение 1",Басманный район
1421,Гончарная набережная,1,"37.64869,55.737481","город Москва, Гончарная набережная, дом 9/16, строение 3",Таганский район
1422,Гольяновская улица,1,"37.712012,55.774862","город Москва, Гольяновская улица, дом 7А, строение 1",Басманный район
1423,улица Клочкова,1,"37.450683,55.726213","город Москва, улица Клочкова, дом 10",район Фили-Давыдково
1424,1-й Тушинский проезд,1,"37.418308,55.833809","город Москва, 1-й Тушинский проезд, дом 12",район Покровское-Стрешнево
1425,Магаданская улица,1,"37.684138,55.877859","город Москва, Магаданская улица, дом 9",Лосиноостровский район
1426,Малый Златоустинский переулок,1,"37.633751,55.758407","город Москва, Малый Златоустинский переулок, дом 3, строение 3",Басманный район
1427,Красногвардейский бульвар,1,"37.542913,55.758939","город Москва, Красногвардейский бульвар, дом 3, строение 1",Пресненский район
1428,Костомаровская набережная,1,"37.668695,55.750428","город Москва, Костомаровская набережная, дом 29, строение 1",Таганский район
1429,улица Советской Армии,1,"37.615991,55.788905","город Москва, улица Советской Армии, дом 9",район Марьина Роща
1430,Звонарский переулок,1,"37.621947,55.764663","город Москва, Звонарский переулок, дом 5",Мещанский район
1431, деревня Столбово,1,no coordinates,"поселение Сосенское, деревня Столбово, дом 1",no_region
1432, деревня Сенькино-Секерино,1,no coordinates,"поселение Михайлово-Ярцевское, деревня Сенькино-Секерино, дом 154А",no_region
1433, деревня Дудкино,1,no coordinates,"поселение ""Мосрентген"", деревня Дудкино, владение 1",no_region
1434, деревня Давыдково,1,no coordinates,"поселение Марушкинское, деревня Давыдково, дом 101",no_region
1435,Коптевский бульвар,1,"37.522728,55.832404","город Москва, Коптевский бульвар, дом 18А, строение 1",район Коптево
1436,улица Старые Кузьминки,1,"37.786896,55.690588","город Москва, улица Старые Кузьминки, дом 10",район Кузьминки
1437,Кооперативная улица,1,"37.566117,55.72487","город Москва, Кооперативная улица, дом 2, корпус 13",район Хамовники
1438,улица Степана Шутова,1,"37.809686,55.674255","город Москва, улица Степана Шутова, дом 8, корпус 3",район Люблино
1439,Кондрашёвский тупик,1,"37.687973,55.768851","город Москва, Кондрашёвский тупик, дом 3А",Басманный район
1440,Конаковский проезд,1,"37.481145,55.845895","город Москва, Конаковский проезд, дом 5",Головинский район
1441,Композиторская улица,1,"37.586302,55.751224","город Москва, Композиторская улица, дом 17",район Арбат
1442, Автомобильный проезд,1,no coordinates,"город Москва, Автомобильный проезд, дом 6, строение 2",no_region
1443,Зарайская улица,1,"37.770699,55.729843","город Москва, Зарайская улица, дом 33, корпус 2",Рязанский район
1444,Красноказарменный проезд,1,"37.706155,55.753909","город Москва, Красноказарменный проезд, дом 14А, корпус 19",район Лефортово
1445,Кожевнический проезд,1,"37.644791,55.730482","город Москва, Кожевнический проезд, дом 4/5, строение 5",район Замоскворечье
1446,Заводской проезд,1,"37.789663,55.790241","город Москва, Заводской проезд, дом 25",район Измайлово
1447,улица Рогожский Посёлок,1,"37.70072,55.737897","город Москва, улица Рогожский Посёлок, дом 3",Нижегородский район
1448, посёлок Акулово,1,no coordinates,"город Москва, посёлок Акулово, дом 43А, строение 1",no_region
1449,Кулаков переулок,1,"37.639473,55.804713","город Москва, Кулаков переулок, дом 7",Алексеевский район
1450,улица Рокотова,1,"37.554906,55.612004","город Москва, улица Рокотова, дом 2А",район Ясенево
1451,улица Рословка,1,"37.360457,55.830255","город Москва, улица Рословка, дом 8",район Митино
1452,Кузьминская улица,1,"37.786285,55.693378","город Москва, Кузьминская улица, дом 10, строение 2",район Кузьминки
1453,улица Ротерта,1,"37.724238,55.874137","город Москва, улица Ротерта, дом 5",Ярославский район
1454,улица Рудневой,1,"37.677041,55.866586","город Москва, улица Рудневой, дом 10",Бабушкинский район
1455, поселение Филимонковское,1,no coordinates,"город Москва, поселение Филимонковское, деревня Верхнее Валуево, дом 21А",no_region
1456,Жуков проезд,1,"37.646229,55.721975","город Москва, Жуков проезд, дом 8, строение 3",Даниловский район
1457,улица Савельева,1,"37.562892,55.722482","город Москва, улица Савельева, дом 5",район Хамовники
1458,улица Сайкина,1,"37.665695,55.706639","город Москва, улица Сайкина, дом 2",Даниловский район
1459,улица Саляма Адиля,1,"37.464499,55.775069","город Москва, улица Саляма Адиля, дом 9, корпус 3",район Хорошёво-Мнёвники
1460,Кривоарбатский переулок,1,"37.588431,55.747718","город Москва, Кривоарбатский переулок, дом 16/22",район Арбат
1461,Кремлёвская набережная,1,"37.60947,55.746937","город Москва, Кремлёвская набережная, дом 1, строение 2",район Хамовники
1462,Козицкий переулок,1,"37.60814,55.764784","город Москва, Козицкий переулок, дом 1А, строение 2",Тверской район
1463,Зубарев переулок,1,"37.642537,55.811508","город Москва, Зубарев переулок, дом 15, корпус 1",Алексеевский район
1464,улица Рогова,1,"37.461688,55.793809","город Москва, улица Рогова, дом 5А",район Щукино
1465,Карельский бульвар,1,"37.538018,55.895454","город Москва, Карельский бульвар, дом 20",Дмитровский район
1466,Икшинская улица,1,"37.537425,55.886276","город Москва, Икшинская улица, дом 12",Дмитровский район
1467,улица Шеногина,1,"37.509918,55.765164","город Москва, улица Шеногина, дом 2",район Хорошёво-Мнёвники
1468,Канатчиковский проезд,1,"37.592482,55.702368","город Москва, Канатчиковский проезд, владение 5",Донской район
1469, 31-й километр Московской Кольцевой Автодороги,1,no coordinates,"город Москва, 31-й километр Московской Кольцевой Автодороги, владение 8, строение 1",no_region
1470,улица Шумилова,1,"37.775811,55.708298","город Москва, улица Шумилова, дом 9",район Кузьминки
1471,улица Шумкина,1,"37.673412,55.786723","город Москва, улица Шумкина, дом 26А, строение 4",район Сокольники
1472,Калошин переулок,1,"37.592545,55.747905","город Москва, Калошин переулок, дом 4, строение 1",район Арбат
1473, 30-й километр Московской Кольцевой Автодороги,1,no coordinates,"город Москва, 30-й километр Московской Кольцевой Автодороги, владение 6",no_region
1474,Калибровская улица,1,"37.624965,55.808199","город Москва, Калибровская улица, дом 31, строение 1",Останкинский район
1475,улица Щорса,1,"37.407681,55.646492","город Москва, улица Щорса, дом 5",район Солнцево
1476,Калашный переулок,1,"37.601771,55.755282","Калашный переулок, дом 8А/5, строение 3",Пресненский район
1477,Интернациональная улица,1,"37.253117,55.613738","город Москва, Интернациональная улица, дом 10",район Внуково
1478, 26-й километр Московской Кольцевой Автодороги,1,no coordinates,"город Москва, 26-й километр Московской Кольцевой Автодороги, владение 6",no_region
1479,Институтский переулок,1,"37.614545,55.784415","город Москва, Институтский переулок, дом 2",район Марьина Роща
1480,шоссе Фрезер,1,"37.732817,55.734476","город Москва, шоссе Фрезер, дом 32, строение 1",Нижегородский район
1481, 34-й километр Московской Кольцевой Автодороги,1,no coordinates,"город Москва, 34-й километр Московской Кольцевой Автодороги, владение 6",no_region
1482, 42-й километр Калужского шоссе,1,no coordinates,"город Троицк, 42-й километр Калужского шоссе, дом 8",no_region
1483, 80-й километр Московской Кольцевой Автодороги,1,no coordinates,"город Москва, 80-й километр Московской Кольцевой Автодороги, дом 4, строение 1",no_region
1484,Каскадная улица,1,"37.872802,55.70706","город Москва, Каскадная улица, домовладение 21, строение 1",район Косино-Ухтомский
1485, 78-й километр Московской Кольцевой Автодороги,1,no coordinates,"город Москва, 78-й километр Московской Кольцевой Автодороги, дом 14, корпус 1",no_region
1486,Зюзинская улица,1,"37.577175,55.667325","город Москва, Зюзинская улица, дом 3",район Черёмушки
1487, 67-й километр Московской Кольцевой Автодороги,1,no coordinates,"город Москва, 67-й километр Московской Кольцевой Автодороги, дом 7",no_region
1488,улица Уткина,1,"37.744971,55.759532","город Москва, улица Уткина, дом 48",район Соколиная Гора
1489, 65-й километр Московской Кольцевой Автодороги,1,no coordinates,"город Москва, 65-й километр Московской Кольцевой Автодороги, владение 8",no_region
1490,улица Фадеева,1,"37.598681,55.774406","город Москва, улица Фадеева, дом 5, строение 1",Тверской район
1491,Кирпичная улица,1,"37.728658,55.776801","город Москва, Кирпичная улица, дом 18",район Соколиная Гора
1492,Иваньковское шоссе,1,"37.465892,55.819949","город Москва, Иваньковское шоссе, дом 5",район Покровское-Стрешнево
1493,улица Фонвизина,1,"37.586994,55.821092","город Москва, улица Фонвизина, дом 17",Бутырский район
1494, 56-й километр Московской Кольцевой Автодороги,1,no coordinates,"город Москва, 56-й километр Московской Кольцевой Автодороги, дом 10",no_region
1495,Ижорский проезд,1,"37.522108,55.890765","город Москва, Ижорский проезд, дом 17",Дмитровский район
1496, 42-й километр Московской Кольцевой Автодороги,1,no coordinates,"город Москва, 42-й километр Московской Кольцевой Автодороги, владение 4, строение 1",no_region
1497,Изваринская улица,1,"37.251338,55.612863","город Москва, Изваринская улица, дом 4, корпус 1",район Внуково
1498,Известковый переулок,1,"37.656146,55.745118","город Москва, Известковый переулок, дом 1",Таганский район
1499,Измайловская площадь,1,"37.775981,55.79266","город Москва, Измайловская площадь, дом 1А",район Измайлово
1500, проспект Вернадского,1,no coordinates,"город Москва, проспект Вернадского, дом 100, корпус ЗОНА, строение С-1",no_region
1501, улица 9 Мая,1,no coordinates,"город Москва, улица 9 Мая, дом 8",no_region
1502,Дегтярный переулок,1,"37.603684,55.768547","город Москва, Дегтярный переулок, дом 6, строение 1",Тверской район
1503,1-й Николощеповский переулок,1,"37.580544,55.748706","город Москва, 1-й Николощеповский переулок, дом 6, строение 2",район Арбат
1504,1-й Монетчиковский переулок,1,"37.628316,55.732256","город Москва, 1-й Монетчиковский переулок, дом 5, строение 1",район Замоскворечье
1505,Мажоров переулок,1,"37.711518,55.78237","город Москва, Мажоров переулок, дом 5",район Соколиная Гора
1506,улица Недорубова,1,"37.930042,55.700116","город Москва, улица Недорубова, дом 5",район Некрасовка
1507,улица Немчинова,1,"37.567491,55.823955","город Москва, улица Немчинова, дом 8",Тимирязевский район
1508,"МКАД, 44-й километр",1,"37.466979,55.630782","город Москва, поселение ""Мосрентген"", МКАД, 44-й километр, владение 1, строение 1",no_region
1509,"МКАД, 43-й километр",1,"37.473752,55.625725","город Москва, поселение ""Мосрентген"", 43-й километр МКАД, дом 1Б/Н",no_region
1510,"МКАД, 38-й километр",1,"37.512371,55.596808","город Москва, 38-й километр Московской Кольцевой Автодороги, владение 6А, строение 1",район Ясенево
1511,улица Николаева,1,"37.568138,55.756523","город Москва, улица Николаева, дом 5",Пресненский район
1512,"МКАД, 19-й километр",1,"37.782916,55.618781","город Москва, 19-й километр Московской Кольцевой Автодороги, владение 6А",район Братеево
1513,1-й Магистральный тупик,1,"37.526232,55.767003","город Москва, 1-й Магистральный тупик, дом 10, корпус 1",Хорошёвский район
1514,улица Новая Дорога,1,"37.702499,55.774608","город Москва, улица Новая Дорога, дом 11, строение 6",Басманный район
1515,Дмитровский переулок,1,"37.615336,55.7621","город Москва, Дмитровский переулок, дом 3, строение 4",Тверской район
1516,1-й Люсиновский переулок,1,"37.621741,55.727526","город Москва, 1-й Люсиновский переулок, дом 3Б",район Замоскворечье
1517,1-й Лучевой просек,1,"37.66927,55.795423","город Москва, 1-й Лучевой просек, дом 1",no_region
1518,1-й Курьяновский проезд,1,"37.699517,55.657362","город Москва, 1-й Курьяновский проезд, дом 14",район Печатники
1519,Дивизионная улица,1,"37.261831,55.611694","город Москва, Дивизионная улица, дом 4",no_region
1520,Малая Андроньевская улица,1,"37.672594,55.7422","город Москва, Малая Андроньевская улица, дом 20/8, строение 1-1А",Таганский район
1521,1-й Краснокурсантский проезд,1,"37.689761,55.758149","город Москва, 1-й Краснокурсантский проезд, дом 1/4",район Лефортово
1522,1-й Новокузнецкий переулок,1,"37.632305,55.734679","город Москва, 1-й Новокузнецкий переулок, дом 5-7",район Замоскворечье
1523,Малый Власьевский переулок,1,"37.593875,55.74675","город Москва, Малый Власьевский переулок, дом 12, строение 2",район Хамовники
1524,Делегатская улица,1,"37.612057,55.775869","город Москва, Делегатская улица, дом 7, строение 1",no_region
1525,Малая Тульская улица,1,"37.617321,55.701638","город Москва, Малая Тульская улица, дом 57",Донской район
1526,1-й Спасоналивковский переулок,1,"37.616701,55.7333","город Москва, 1-й Спасоналивковский переулок, дом 8, строение 2",район Якиманка
1527,Денежный переулок,1,"37.58676,55.745412","город Москва, Денежный переулок, дом 20",район Хамовники
1528,улица Медведева,1,"37.883671,55.717366","город Москва, улица Медведева, дом 6",район Косино-Ухтомский
1529,улица Медиков,1,"37.677499,55.63318","город Москва, улица Медиков, дом 16",район Царицыно
1530,1-й Силикатный проезд,1,"37.510439,55.767863","город Москва, 1-й Силикатный проезд, дом 13",район Хорошёво-Мнёвники
1531,Малая Переяславская улица,1,"37.63765,55.789406","город Москва, Малая Переяславская улица, дом 6/8",Мещанский район
1532,1-й Сетуньский проезд,1,"37.539078,55.73223","город Москва, 1-й Сетуньский проезд, дом 10",район Раменки
1533,1-й Сельскохозяйственный проезд,1,"37.647082,55.83248","город Москва, 1-й Сельскохозяйственный проезд, дом 2",район Ростокино
1534,1-й Саратовский проезд,1,"37.736339,55.71163","город Москва, 1-й Саратовский проезд, дом 5",район Текстильщики
1535,1-й Рижский переулок,1,"37.652319,55.806611","город Москва, 1-й Рижский переулок, дом 6, строение 1",Алексеевский район
1536,улица Можайский Вал,1,"37.557125,55.745098","город Москва, улица Можайский Вал, дом 6",район Дорогомилово
1537,1-й Обыденский переулок,1,"37.602256,55.743005","город Москва, 1-й Обыденский переулок, дом 9/12",район Хамовники
1538,Лыщиков переулок,1,"37.654457,55.747794","город Москва, Лыщиков переулок, дом 5, строение 1",Таганский район
1539,1-й Котельнический переулок,1,"37.645375,55.74371","город Москва, 1-й Котельнический переулок, дом 5, строение 2",Таганский район
1540,Жигулёвская улица,1,"37.764968,55.71093","город Москва, Жигулёвская улица, дом 5, корпус 3",район Кузьминки
1541,улица Полины Осипенко,1,"37.535233,55.779757","город Москва, улица Полины Осипенко, дом 10, корпус 1",Хорошёвский район
1542,1-й Басманный переулок,1,"37.662838,55.770785","город Москва, 1-й Басманный переулок, дом 3, строение 1",Красносельский район
1543,Егорьевский проезд,1,"37.734865,55.671803","город Москва, Егорьевский проезд, дом 2, строение 5",район Люблино
1544,1-й Балтийский переулок,1,"37.518785,55.810471","город Москва, 1-й Балтийский переулок, дом 3/25",район Аэропорт
1545,Елоховский проезд,1,"37.672666,55.772998","город Москва, Елоховский проезд, дом 1, строение 5",Басманный район
1546,улица Пржевальского,1,"37.451689,55.681849","город Москва, улица Пржевальского, дом 2",район Очаково-Матвеевское
1547,Ландышевая улица,1,"37.392248,55.886963","город Москва, Ландышевая улица, дом 8",район Куркино
1548,Кучин переулок,1,"37.640003,55.804111","город Москва, Кучин переулок, дом 14, строение 1",Алексеевский район
1549,Есенинский бульвар,1,"37.774813,55.700547","город Москва, Есенинский бульвар, дом 14, корпус 2",район Кузьминки
1550,Живарёв переулок,1,"37.643552,55.776634","город Москва, Живарев переулок, дом 8, строение 3",Красносельский район
1551,улица Раевского,1,"37.553199,55.74487","город Москва, улица Раевского, дом 3",район Дорогомилово
1552, улица Хабарова,1,no coordinates,"город Московский, улица Хабарова, дом 2",no_region
1553,Курганская улица,1,"37.815938,55.829426","город Москва, Курганская улица, дом 4А",район Гольяново
1554,Кунцевская улица,1,"37.412981,55.731288","город Москва, Кунцевская улица, дом 10",район Кунцево
1555,улица Ращупкина,1,"37.443982,55.724794","город Москва, улица Ращупкина, дом 3",Можайский район
1556,улица Ремизова,1,"37.601573,55.675306","город Москва, улица Ремизова, дом 12",район Котловка
1557,1-й Ботанический проезд,1,"37.635979,55.850707","город Москва, 1-й Ботанический проезд, дом 2",район Свиблово
1558,Лениногорская улица,1,"37.865265,55.698777","город Москва, Лениногорская улица, дом 32, строение 1",район Косино-Ухтомский
1559,Лужнецкий проезд,1,"37.560395,55.725392","город Москва, Лужнецкий проезд, дом 1",район Хамовники
1560,Лефортовский переулок,1,"37.677373,55.769732","город Москва, Лефортовский переулок, дом 8, строение 1",Басманный район
1561,1-й Коптельский переулок,1,"37.637847,55.772507","город Москва, 1-й Коптельский переулок, дом 2/7, строение 1",Красносельский район
1562,улица Павла Андреева,1,"37.618722,55.719581","город Москва, улица Павла Андреева, дом 27, строение 2",Даниловский район
1563,1-й Кожевнический переулок,1,"37.645959,55.726639","город Москва, 1-й Кожевнический переулок, дом 6, строение 1",Даниловский район
1564,1-й Кирпичный переулок,1,"37.73217,55.778051","город Москва, 1-й Кирпичный переулок, дом 4, строение 2",район Соколиная Гора
1565,улица Паперника,1,"37.787084,55.720859","город Москва, улица Паперника, дом 9",Рязанский район
1566,Лосевская улица,1,"37.714752,55.877824","город Москва, Лосевская улица, дом 9",Ярославский район
1567,1-й Зачатьевский переулок,1,"37.604169,55.739716","город Москва, 1-й Зачатьевский переулок, дом 4",район Хамовники
1568,Лонгиновская улица,1,"37.711455,55.767372","город Москва, Лонгиновская улица, дом 6",район Лефортово
1569,Докучаев переулок,1,"37.64401,55.773434","город Москва, Докучаев переулок, дом 6, строение 2",Красносельский район
1570,улица Пивченкова,1,"37.475576,55.73552","город Москва, улица Пивченкова, дом 7",район Фили-Давыдково
1571,Линейный проезд,1,"37.573474,55.842292","город Москва, Линейный проезд, дом 11",Тимирязевский район
1572,1-й Голутвинский переулок,1,"37.613494,55.7396","город Москва, 1-й Голутвинский переулок, дом 6",район Якиманка
1573,улица Подвойского,1,"37.536463,55.758939","город Москва, улица Подвойского, дом 2",Пресненский район
1574,Лечебная улица,1,"37.740812,55.78978","город Москва, Лечебная улица, дом 20",район Соколиная Гора
1575,1-й Вешняковский проезд,1,"37.78792,55.724312","город Москва, 1-й Вешняковский проезд, дом 2, строение 1",Рязанский район
1576,улица Дубки,1,"37.564913,55.819292","город Москва, улица Дубки, дом 6",no_region
1577,2-й Новокузнецкий переулок,1,"37.631775,55.734004","город Москва, 2-й Новокузнецкий переулок, дом 13/15, строение 1",район Замоскворечье
1578,улица Достоевского,1,"37.606784,55.783818","город Москва, улица Достоевского, дом 25, строение 1",Тверской район
1579,Черниговский переулок,1,"37.625981,55.743497","город Москва, Черниговский переулок, дом 9/13, строение 2",район Замоскворечье
1580,Сибирский проезд,1,"37.682826,55.729838","город Москва, Сибирский проезд, дом 2, корпус 27, строение 1",Таганский район
1581,Сеченовский переулок,1,"37.594692,55.740694","город Москва, Сеченовский переулок, дом 7А",район Хамовники
1582,Центральный проспект,1,"37.214768,55.990695","город Москва, город Зеленоград, Центральный проспект, дом 1",no_region
1583,Челюскинская улица,1,"37.706766,55.883807","город Москва, Челюскинская улица, дом 13",Лосиноостровский район
1584,Северодвинская улица,1,"37.675154,55.893647","город Москва, Северодвинская улица, дом 20",район Северное Медведково
1585,Чермянская улица,1,"37.638117,55.885241","город Москва, Чермянская улица, дом 2, строение 2",район Северное Медведково
1586,Чермянский проезд,1,"37.634946,55.887599","город Москва, Чермянский проезд, дом 5, строение 26",район Северное Медведково
1587,Черницынский проезд,1,"37.792654,55.819075","город Москва, Черницынский проезд, дом 3, строение 11",район Гольяново
1588,2-й Иртышский проезд,1,"37.765758,55.812772","город Москва, 2-й Иртышский проезд, дом 6, строение 1",район Гольяново
1589,Черноморский бульвар,1,"37.612317,55.646045","город Москва, Черноморский бульвар, дом 8",Нагорный район
1590,Большая Ширяевская улица,1,"37.687722,55.809332","город Москва, Большая Ширяевская улица, дом 11",район Сокольники
1591,5-й проезд Подбельского,1,"37.728685,55.817314","город Москва, 5-й проезд Подбельского, дом 2",район Богородское
1592,5-й проезд Марьиной Рощи,1,"37.620528,55.797761","город Москва, 5-й проезд Марьиной Рощи, дом 15А, строение 1",район Марьина Роща
1593,Чукотский проезд,1,"37.654089,55.868162","город Москва, Чукотский проезд, дом 6",Бабушкинский район
1594,Чуксин тупик,1,"37.557277,55.806985","город Москва, Чуксин тупик, дом 6",Тимирязевский район
1595,5-й Рощинский проезд,1,"37.612173,55.710626","город Москва, 5-й Рощинский проезд, дом 4",Даниловский район
1596,Хохловский переулок,1,"37.644091,55.755925","город Москва, Хохловский переулок, дом 10, строение 6",no_region
1597,6-й Лучевой просек,1,"37.679655,55.800387","город Москва, 6-й Лучевой просек, дом 6",no_region
1598,6-я Кожуховская улица,1,"37.67219,55.706482","город Москва, 6-я Кожуховская улица, дом 8",Южнопортовый район
1599,Сивашская улица,1,"37.606236,55.660379","город Москва, Сивашская улица, дом 2, корпус 1",район Зюзино
1600,Хавская улица,1,"37.614276,55.713446","город Москва, Хавская улица, дом 15",Даниловский район
1601,Большая Бутовская улица,1,"37.581855,55.543318","город Москва, Большая Бутовская улица, дом 9",район Южное Бутово
1602,Скатертный переулок,1,"37.594647,55.755753","город Москва, Скатертный переулок, дом 13",Пресненский район
1603,Большая Внуковская улица,1,"37.29267,55.615207","город Москва, Большая Внуковская улица, дом 2А, строение 9",no_region
1604,Хвалынский бульвар,1,"37.849257,55.700121","город Москва, Хвалынский бульвар, дом 4, корпус 4",район Выхино-Жулебино
1605,Синельниковская улица,1,"37.572423,55.542477","город Москва, Синельниковская улица, дом 47",район Южное Бутово
1606,7-й Ростовский переулок,1,"37.57492,55.74147","город Москва, 7-й Ростовский переулок, дом 16",район Хамовники
1607,Хилков переулок,1,"37.598079,55.737193","город Москва, Хилков переулок, дом 3А",район Хамовники
1608,Симферопольский проезд,1,"37.613952,55.665162","город Москва, Симферопольский проезд, дом 18",Нагорный район
1609,Хитровский переулок,1,"37.643363,55.753402","город Москва, Хитровский переулок, дом 3/1, строение 4",no_region
1610,Хлебный переулок,1,"37.597648,55.754664","город Москва, Хлебный переулок, дом 2/3, строение 3",Пресненский район
1611,6-я улица Новые Сады,1,"37.347233,55.652502","город Москва, 6-я улица Новые Сады, дом 2",район Ново-Переделкино
1612,Хлыновский тупик,1,"37.602957,55.758296","город Москва, Хлыновский тупик, дом 3, строение 1",Пресненский район
1613,Хованская улица,1,"37.622585,55.828576","город Москва, Хованская улица, владение 20",Останкинский район
1614,6-я улица Лазенки,1,"37.367823,55.664208","город Москва, 6-я улица Лазенки, дом 2, строение 2",район Ново-Переделкино
1615,Сверчков переулок,1,"37.639878,55.760226","город Москва, Сверчков переулок, дом 8, строение 1",Басманный район
1616,5-й Монетчиковский переулок,1,"37.632089,55.732033","город Москва, 5-й Монетчиковский переулок, дом 7",район Замоскворечье
1617,Шепелюгинская улица,1,"37.703631,55.745144","город Москва, Шепелюгинская улица, дом 21/13, строение 1",район Лефортово
1618,Ростокинская улица,1,"37.660727,55.835432","город Москва, Ростокинская улица, дом 3",район Ростокино
1619,Якиманский переулок,1,"37.609973,55.733493","город Москва, Якиманский переулок, дом 6, строение 1",район Якиманка
1620,Большой Предтеченский переулок,1,"37.566979,55.759805","город Москва, Большой Предтеченский переулок, дом 15/8, строение 1",Пресненский район
1621,Ялтинская улица,1,"37.610619,55.651364","город Москва, Ялтинская улица, дом 2",Нагорный район
1622,Янтарный проезд,1,"37.691647,55.872794","город Москва, Янтарный проезд, дом 2",Лосиноостровский район
1623,4-й Вятский переулок,1,"37.576241,55.801541","город Москва, 4-й Вятский переулок, дом 10",Савёловский район
1624,4-й Вешняковский проезд,1,"37.796445,55.718451","город Москва, 4-й Вешняковский проезд, дом 4, строение 1",Рязанский район
1625,3-я Черепковская улица,1,"37.376258,55.755621","город Москва, 3-я Черепковская улица, дом 15А, строение 5",район Кунцево
1626,Родниковая улица,1,"37.380992,55.634278","город Москва, Родниковая улица, дом 20, корпус 1",район Солнцево
1627,Ясногорская улица,1,"37.536428,55.61027","город Москва, Ясногорская улица, дом 2",район Ясенево
1628,Рижский проезд,1,"37.660611,55.814143","город Москва, Рижский проезд, дом 7",Алексеевский район
1629,Яузский бульвар,1,"37.643615,55.75095","город Москва, Яузский бульвар, дом 14/8",no_region
1630,Яхромская улица,1,"37.538916,55.883449","город Москва, Яхромская улица, дом 3",Дмитровский район
1631,Большой Симоновский переулок,1,"37.672729,55.728211","город Москва, Большой Симоновский переулок, дом 2",Таганский район
1632,Радужная улица,1,"37.668426,55.859266","город Москва, Радужная улица, дом 7",Бабушкинский район
1633,Большой Строченовский переулок,1,"37.630858,55.729077","город Москва, Большой Строченовский переулок, дом 7",район Замоскворечье
1634,Большой Полуярославский переулок,1,"37.663243,55.752607","город Москва, Большой Полуярославский переулок, дом 7",Таганский район
1635,Большой Николопесковский переулок,1,"37.590452,55.750028","город Москва, Большой Николопесковский переулок, дом 5",район Арбат
1636,Большая Юшуньская улица,1,"37.590452,55.64795","город Москва, Большая Юшуньская улица, дом 14",район Зюзино
1637,Юрловский проезд,1,"37.618965,55.870698","город Москва, Юрловский проезд, дом 17, строение 1",район Отрадное
1638,Большой Афанасьевский переулок,1,"37.59692,55.745149","город Москва, Большой Афанасьевский переулок, дом 3, строение 3",район Хамовники
1639,Садовнический проезд,1,"37.629206,55.741571","город Москва, Садовнический проезд, дом 6",район Замоскворечье
1640,Большой Знаменский переулок,1,"37.603433,55.745873","город Москва, Большой Знаменский переулок, дом 2, строение 26",район Хамовники
1641,Штурвальная улица,1,"37.444018,55.848316","город Москва, Штурвальная улица, дом 7, корпус 2",район Южное Тушино
1642,Шубинский переулок,1,"37.579735,55.746578","город Москва, Шубинский переулок, дом 2/3",район Арбат
1643,4-я Кабельная улица,1,"37.71875,55.740558","город Москва, 4-я Кабельная улица, дом 2А, строение 1",район Лефортово
1644,4-я Гражданская улица,1,"37.720762,55.807208","город Москва, 4-я Гражданская улица, дом 43, корпус 2",район Богородское
1645,Щёлковский проезд,1,"37.777176,55.807122","город Москва, Щёлковский проезд, дом 13",район Северное Измайлово
1646,Большой Казённый переулок,1,"37.655634,55.760373","город Москва, Большой Казённый переулок, дом 9",Басманный район
1647,Большой Кисельный переулок,1,"37.629466,55.764612","город Москва, Большой Кисельный переулок, дом 17/15, строение 1",Мещанский район
1648,Электрический переулок,1,"37.57687,55.771712","город Москва, Электрический переулок, дом 8, строение 2",Пресненский район
1649,4-й Рощинский проезд,1,"37.611643,55.707547","город Москва, 4-й Рощинский проезд, дом 11",Даниловский район
1650,Русаковская набережная,1,"37.698484,55.798323","город Москва, Русаковская набережная, дом 7",район Сокольники
1651,Рубцов переулок,1,"37.691638,55.772861","город Москва, Рубцов переулок, дом 10/14",Басманный район
1652,4-й Кожевнический переулок,1,"37.649085,55.725143","город Москва, 4-й Кожевнический переулок, дом 4",Даниловский район
1653,7-я Северная линия,1,"37.549759,55.938027","город Москва, 7-я Северная линия, дом 13",район Северный
1654,Скорняжный переулок,1,"37.642339,55.773256","город Москва, Скорняжный переулок, дом 3, строение 1",Красносельский район
1655,7-я улица Лазенки,1,"37.348904,55.661115","город Москва, 7-я улица Лазенки, дом 12, строение 2",район Ново-Переделкино
1656,Таможенный проезд,1,"37.67917,55.751852","город Москва, Таможенный проезд, дом 4",район Лефортово
1657,Тарусская улица,1,"37.533786,55.60938","город Москва, Тарусская улица, дом 10",район Ясенево
1658,Тарханская улица,1,"37.858887,55.684686","город Москва, Тарханская улица, дом 2",район Выхино-Жулебино
1659,Армавирская улица,1,"37.753398,55.67528","город Москва, Армавирская улица, дом 4",район Люблино
1660,Таёжная улица,1,"37.700559,55.880904","город Москва, Таёжная улица, дом 1",Лосиноостровский район
1661,Анненский проезд,1,"37.607637,55.802133","город Москва, Анненский проезд, дом 1, строение 1",район Марьина Роща
1662,Театральная аллея,1,"37.559883,55.793227","город Москва, Театральная аллея, дом 3, строение 1",район Аэропорт
1663,Басовская улица,1,"37.747568,55.738287","город Москва, Басовская улица, дом 16, строение 1",Нижегородский район
1664,Анненская улица,1,"37.608949,55.806211","город Москва, Анненская улица, дом 25, строение 1",район Марьина Роща
1665,Тенистый проезд,1,"37.640246,55.861105","город Москва, Тенистый проезд, дом 8",район Свиблово
1666,Тессинский переулок,1,"37.6494,55.750287","город Москва, Тессинский переулок, дом 4, строение 2",Таганский район
1667,Тестовская улица,1,"37.532098,55.74785","город Москва, Тестовская улица, дом 1",Пресненский район
1668,Тетеринский переулок,1,"37.650145,55.745341","город Москва, Тетеринский переулок, дом 2А",Таганский район
1669,Андроньевская площадь,1,"37.669477,55.747211","город Москва, Андроньевская площадь, дом 5/9",Таганский район
1670,Тимирязевский проезд,1,"37.552085,55.833976","город Москва, Тимирязевский проезд, дом 2",Тимирязевский район
1671,Тихая улица,1,"37.747963,55.684686","город Москва, Тихая улица, дом 30",район Люблино
1672,Старомарьинское шоссе,1,"37.610485,55.80316","город Москва, Старомарьинское шоссе, дом 5",район Марьина Роща
1673,Старомонетный переулок,1,"37.618507,55.739727","город Москва, Старомонетный переулок, дом 18",район Якиманка
1674,Тихвинский переулок,1,"37.595761,55.787705","город Москва, Тихвинский переулок, дом 3",Тверской район
1675,Староникольская улица,1,"37.544746,55.509844","город Москва, Староникольская улица, дом 14А",район Южное Бутово
1676,Стройковская улица,1,"37.67502,55.733457","город Москва, Стройковская улица, дом 5",Таганский район
1677,Аэрофлотская улица,1,"37.292095,55.610387","город Москва, Аэрофлотская улица, владение 2Б",no_region
1678,Базовая улица,1,"37.261857,55.61448","город Москва, Базовая улица, дом 2, корпус 1",район Внуково
1679,Сумская улица,1,"37.608005,55.623824","город Москва, Сумская улица, дом 2/12",район Чертаново Северное
1680,Ащеулов переулок,1,"37.634613,55.767701","город Москва, Ащеулов переулок, дом 9",Красносельский район
1681,Стрельбищенский переулок,1,"37.540245,55.759745","город Москва, Стрельбищенский переулок, дом 14",Пресненский район
1682,Астрадамский проезд,1,"37.560431,55.812651","город Москва, Астрадамский проезд, дом 5",Тимирязевский район
1683,Таганрогская улица,1,"37.755239,55.680488","город Москва, Таганрогская улица, дом 7",район Люблино
1684,Архангельский переулок,1,"37.637722,55.761259","город Москва, Архангельский переулок, дом 7, строение 1",Басманный район
1685,Стрелецкая улица,1,"37.597818,55.795545","город Москва, Стрелецкая улица, дом 2, строение 1",район Марьина Роща
1686,Столовый переулок,1,"37.594755,55.756756","город Москва, Столовый переулок, дом 10/2, строение 1",Пресненский район
1687,Балтийская улица,1,"37.516665,55.810425","город Москва, Балтийская улица, дом 10, корпус 2",район Аэропорт
1688,Банный проезд,1,"37.631137,55.786814","город Москва, Банный проезд, дом 3, строение 1",Мещанский район
1689,Барабанный переулок,1,"37.707673,55.783139","город Москва, Барабанный переулок, дом 3",район Соколиная Гора
1690,Старослободская улица,1,"37.669711,55.789836","город Москва, Старослободская улица, дом 8",район Сокольники
1691,Староалексеевская улица,1,"37.641836,55.810324","город Москва, Староалексеевская улица, дом 1",Алексеевский район
1692,Тихий тупик,1,"37.665282,55.738029","город Москва, Тихий тупик, дом 2",Таганский район
1693,Фруктовая улица,1,"37.612308,55.658439","город Москва, Фруктовая улица, дом 9",Нагорный район
1694,Солнечная аллея,1,"37.203494,55.983469","город Москва, город Зеленоград, Солнечная аллея, дом 8",no_region
1695,Уржумская улица,1,"37.667168,55.851839","город Москва, Уржумская улица, дом 4, строение 14",район Свиблово
1696,Соймоновский проезд,1,"37.604358,55.743233","город Москва, Соймоновский проезд, дом 5",район Хамовники
1697,Успенский переулок,1,"37.607116,55.769292","город Москва, Успенский переулок, дом 3, строение 4",Тверской район
1698,Библиотечная улица,1,"37.676717,55.745199","город Москва, Библиотечная улица, дом 29",Таганский район
1699,Утренняя улица,1,"37.792753,55.74747","город Москва, Утренняя улица, дом 12",район Новогиреево
1700,Учинская улица,1,"37.537119,55.885181","город Москва, Учинская улица, дом 10",Дмитровский район
1701,Фармацевтический проезд,1,"37.513997,55.832955","город Москва, Фармацевтический проезд, дом 1",район Коптево
1702,Федоскинская улица,1,"37.703739,55.868773","город Москва, Федоскинская улица, дом 4",Ярославский район
1703,Феодосийская улица,1,"37.575603,55.5636","город Москва, Феодосийская улица, дом 11А",район Северное Бутово
1704,8-я улица Соколиной Горы,1,"37.733257,55.768532","город Москва, 8-я улица Соколиной Горы, дом 5А",район Соколиная Гора
1705,8-й проезд Марьиной Рощи,1,"37.60452,55.802189","город Москва, 8-й проезд Марьиной Рощи, дом 30, строение 1",район Марьина Роща
1706,Филипповский переулок,1,"37.598573,55.75058","город Москва, Филипповский переулок, дом 15/5",район Арбат
1707,Богоявленский переулок,1,"37.623492,55.755596","город Москва, Богоявленский переулок, дом 6, строение 2",Тверской район
1708,Больничный переулок,1,"37.632053,55.785564","город Москва, Больничный переулок, дом 4",Мещанский район
1709,Фролов переулок,1,"37.635611,55.765063","город Москва, Фролов переулок, дом 2",Красносельский район
1710,Бескудниковский проезд,1,"37.55452,55.874905","город Москва, Бескудниковский проезд, дом 4А",Бескудниковский район
1711,Солнечногорский проезд,1,"37.52466,55.859165","город Москва, Солнечногорский проезд, дом 7А",Головинский район
1712,Андреево-Забелинская улица,1,"37.71071,55.81561","город Москва, Андреево-Забелинская улица, дом 28",район Богородское
1713,Авиационный переулок,1,"37.53879,55.800215","город Москва, Авиационный переулок, дом 5",район Аэропорт
1714,Стандартная улица,1,"37.572351,55.882868","город Москва, Стандартная улица, дом 4А",Алтуфьевский район
1715,Сретенский тупик,1,"37.633841,55.771327","город Москва, Сретенский тупик, дом 5",Красносельский район
1716,Средняя Калитниковская улица,1,"37.68465,55.735302","город Москва, Средняя Калитниковская улица, дом 22, строение 3",Таганский район
1717,Триумфальная площадь,1,"37.595402,55.768264","город Москва, Триумфальная площадь, дом 2, строение 1",Тверской район
1718,Алымов переулок,1,"37.712461,55.807193","город Москва, Алымов переулок, дом 15",район Богородское
1719,Троилинский переулок,1,"37.58411,55.748037","город Москва, Троилинский переулок, дом 3",район Арбат
1720,Средний Овчинниковский переулок,1,"37.630652,55.745134","город Москва, Средний Овчинниковский переулок, дом 1, строение 13",район Замоскворечье
1721,Средний Кондратьевский переулок,1,"37.577939,55.772725","город Москва, Средний Кондратьевский переулок, дом 8А",Пресненский район
1722,Спортивный проезд,1,"37.753847,55.684199","город Москва, Спортивный проезд, дом 3А",район Люблино
1723,Спартаковский переулок,1,"37.672379,55.778487","город Москва, Спартаковский переулок, дом 2, строение 1",Красносельский район
1724,Берниковская набережная,1,"37.651385,55.748812","город Москва, Берниковская набережная, дом 12, строение 1",Таганский район
1725,Тургеневская площадь,1,"37.635835,55.765311","город Москва, Тургеневская площадь, дом 2",Красносельский район
1726,Союзный проспект,1,"37.80338,55.750459","город Москва, Союзный проспект, дом 2",район Новогиреево
1727,Сормовский проезд,1,"37.804386,55.707111","город Москва, Сормовский проезд, дом 11, строение 8",район Выхино-Жулебино
1728,Бескудниковский переулок,1,"37.556882,55.862868","город Москва, Бескудниковский переулок, дом 4А",Бескудниковский район
1729,Пяловская улица,1,"37.540865,55.862631","город Москва, Пяловская улица, дом 7, строение 3",район Западное Дегунино
1730,Пыжёвский переулок,1,"37.622306,55.738982","город Москва, Пыжёвский переулок, дом 5, строение 1",район Якиманка
1731,3-я Северная линия,1,"37.553136,55.942575","город Москва, 3-я Северная линия, дом 3",район Северный
1732,2-я Квесисская улица,1,"37.574893,55.794629","город Москва, 2-я Квесисская улица, дом 23",Савёловский район
1733,2-я Дубровская улица,1,"37.671381,55.728986","город Москва, 2-я Дубровская улица, дом 3",Таганский район
1734,2-я Гражданская улица,1,"37.701062,55.813647","город Москва, 2-я Гражданская улица, дом 8",район Богородское
1735,улица Бориса Жигулёнкова,1,"37.732979,55.773586","город Москва, улица Бориса Жигулёнкова, дом 15",район Соколиная Гора
1736,улица Брусилова,1,"37.592779,55.502079","город Москва, улица Брусилова, дом 29, корпус 1",район Южное Бутово
1737, 104-й километр Московской Кольцевой Автодороги,1,no coordinates,"город Москва, 104-й километр Московской Кольцевой Автодороги, дом 6",no_region
1738,Верхняя улица,1,"37.574911,55.776856","город Москва, Верхняя улица, дом 3, корпус 2",район Беговой
1739,Озёрная аллея,1,"37.225134,55.986485","город Москва, город Зеленоград, Озёрная аллея, дом 8",район Савёлки
1740,2-й Щемиловский переулок,1,"37.608365,55.776826","город Москва, 2-й Щемиловский переулок, дом 4",Тверской район
1741,2-й Хуторской переулок,1,"37.577157,55.806125","город Москва, 2-й Хуторской переулок, дом 4/13",Савёловский район
1742,Норильская улица,1,"37.696453,55.875844","город Москва, Норильская улица, дом 4",Лосиноостровский район
1743,Винницкая улица,1,"37.49683,55.698041","город Москва, Винницкая улица, дом 1",район Раменки
1744,Новохорошёвский проезд,1,"37.496075,55.779656","город Москва, Новохорошёвский проезд, дом 12",район Хорошёво-Мнёвники
1745,улица Васильцовский Стан,1,"37.750712,55.713826","город Москва, улица Васильцовский Стан, дом 5, корпус 1",Рязанский район
1746,Волоцкой переулок,1,"37.352048,55.832535","город Москва, Волоцкой переулок, дом 15, корпус 2",район Митино
1747,Новосибирская улица,1,"37.821167,55.815752","город Москва, Новосибирская улица, дом 8",район Гольяново
1748,Олонецкий проезд,1,"37.662946,55.874279","город Москва, Олонецкий проезд, дом 6",Бабушкинский район
1749,Оренбургская улица,1,"37.875901,55.711032","город Москва, Оренбургская улица, дом 32, строение 5",район Косино-Ухтомский
1750,Новорублёвская улица,1,"37.36175,55.786996","город Москва, Новорублёвская улица, дом 1",no_region
1751,Орехово-Зуевский проезд,1,"37.745367,55.731206","город Москва, Орехово-Зуевский проезд, дом 4",Нижегородский район
1752,улица Анатолия Живова,1,"37.55187,55.760125","город Москва, улица Анатолия Живова, дом 10",Пресненский район
1753,Вагоноремонтная улица,1,"37.532762,55.896413","город Москва, Вагоноремонтная улица, дом 15А",Дмитровский район
1754,Варсонофьевский переулок,1,"37.62572,55.763194","город Москва, Варсонофьевский переулок, дом 6",Мещанский район
1755,улица Артюхиной,1,"37.739869,55.697488","город Москва, улица Артюхиной, дом 17",район Текстильщики
1756,2-я Филёвская улица,1,"37.490057,55.73923","город Москва, 2-я Филёвская улица, дом 13",район Филёвский Парк
1757,улица Атарбекова,1,"37.707934,55.796547","город Москва, улица Атарбекова, дом 4А",район Преображенское
1758,2-я Сокольническая улица,1,"37.683634,55.787928","город Москва, 2-я Сокольническая улица, дом 3",район Сокольники
1759,Отрадный проезд,1,"37.607421,55.853132","город Москва, Отрадный проезд, дом 2Б",район Отрадное
1760,Вербная улица,1,"37.776745,55.824319","город Москва, Вербная улица, дом 4, строение 1",район Метрогородок
1761,2-я Прядильная улица,1,"37.776916,55.79516","город Москва, 2-я Прядильная улица, дом 4",район Измайлово
1762,Верхний Золоторожский переулок,1,"37.679287,55.750388","город Москва, Верхний Золоторожский переулок, дом 2",район Лефортово
1763,улица Благуша,1,"37.723663,55.780532","город Москва, улица Благуша, дом 6",no_region
1764,улица Богданова,1,"37.392661,55.647686","город Москва, улица Богданова, дом 56Б",район Солнцево
1765,улица Богородский Вал,1,"37.701529,55.803509","город Москва, улица Богородский Вал, дом 3, строение 28",район Богородское
1766,2-я Напрудная улица,1,"37.688782,55.87944","город Москва, 2-я Напрудная улица, дом 17",Лосиноостровский район
1767,2-й Стрелецкий проезд,1,"37.605777,55.797326","город Москва, 2-й Стрелецкий проезд, дом 7",район Марьина Роща
1768,2-й Сетуньский проезд,1,"37.533005,55.73072","город Москва, 2-й Сетуньский проезд, дом 9",район Раменки
1769,улица Алексея Дикого,1,"37.810557,55.746375","город Москва, улица Алексея Дикого, дом 18А",район Новогиреево
1770,Высокая улица,1,"37.654385,55.679052","город Москва, Высокая улица, дом 6",район Нагатино-Садовники
1771,улица Гончарова,1,"37.586823,55.817668","город Москва, улица Гончарова, дом 15Б",Бутырский район
1772,Вяземская улица,1,"37.405534,55.712695","город Москва, Вяземская улица, дом 7",Можайский район
1773,2-й Лучевой просек,1,"37.674481,55.795676","город Москва, 2-й Лучевой просек, дом 2",no_region
1774,2-й Курьяновский проезд,1,"37.698762,55.652684","город Москва, 2-й Курьяновский проезд, дом 2",район Печатники
1775,Газгольдерная улица,1,"37.733635,55.728236","город Москва, Газгольдерная улица, дом 6",Нижегородский район
1776,2-й Красносельский переулок,1,"37.6698,55.784364","город Москва, 2-й Красносельский переулок, дом 18",Красносельский район
1777,Никитский переулок,1,"37.610772,55.757749","город Москва, Никитский переулок, дом 7, строение 2",Тверской район
1778,2-й Колобовский переулок,1,"37.616467,55.769276","город Москва, 2-й Колобовский переулок, дом 12",Тверской район
1779,улица Девятая Рота,1,"37.712596,55.791142","город Москва, улица Девятая Рота, дом 14",район Преображенское
1780,улица Демьяна Бедного,1,"37.48693,55.770401","город Москва, улица Демьяна Бедного, дом 4",район Хорошёво-Мнёвники
1781,Гаражная улица,1,"37.742142,55.759091","город Москва, Гаражная улица, дом 4",район Соколиная Гора
1782,2-й Кадашёвский переулок,1,"37.621902,55.743745","город Москва, 2-й Кадашёвский переулок, дом 16, строение 1",район Якиманка
1783,2-й Кабельный проезд,1,"37.716297,55.747723","город Москва, 2-й Кабельный проезд, дом 1",район Лефортово
1784,Гвардейская улица,1,"37.423204,55.724789","город Москва, Гвардейская улица, дом 15, корпус 1",Можайский район
1785,Нижний Таганский тупик,1,no coordinates,"Нижний Таганский тупик, дом 3, строение 1",no_region
1786,2-й Магистральный тупик,1,"37.524228,55.767332","город Москва, 2-й Магистральный тупик, дом 5А",Хорошёвский район
1787,Новобутовский проезд,1,"37.558858,55.553732","город Москва, Новобутовский проезд, владение 9, строение 1",район Южное Бутово
1788,Новопресненский переулок,1,"37.575316,55.766628","город Москва, Новопресненский переулок, дом 6",Пресненский район
1789,2-й Неопалимовский переулок,1,"37.582484,55.739336","город Москва, 2-й Неопалимовский переулок, дом 3",район Хамовники
1790,2-й Сельскохозяйственный проезд,1,"37.642186,55.833648","город Москва, 2-й Сельскохозяйственный проезд, дом 4, строение 1",район Ростокино
1791,2-й Рощинский проезд,1,"37.603002,55.706315","город Москва, 2-й Рощинский проезд, дом 8",Донской район
1792,Новоостаповская улица,1,"37.671813,55.718233","город Москва, Новоостаповская улица, дом 12, строение 2",Южнопортовый район
1793,2-й Полевой переулок,1,"37.68111,55.792179","город Москва, 2-й Полевой переулок, дом 2",район Сокольники
1794,улица Высоцкого,1,"37.652903,55.74373","город Москва, улица Высоцкого, дом 4",Таганский район
1795,Новолучанская улица,1,"37.35954,55.790403","город Москва, Новолучанская улица, дом 22, строение 1",no_region
1796,улица Гамалеи,1,"37.457124,55.800195","город Москва, улица Гамалеи, дом 17, корпус 1",район Щукино
1797,2-й Обыденский переулок,1,"37.603505,55.741333","город Москва, 2-й Обыденский переулок, дом 9",район Хамовники
1798,Воротниковский переулок,1,"37.601286,55.770416","город Москва, Воротниковский переулок, дом 11, строение 1",Тверской район
1799,2-й Новоподмосковный переулок,1,"37.509478,55.819049","город Москва, 2-й Новоподмосковный переулок, дом 8",Войковский район
1800,Стромынский переулок,1,"37.694055,55.793085","город Москва, Стромынский переулок, дом 4",район Сокольники
1801,Врачебный проезд,1,"37.458984,55.813642","город Москва, Врачебный проезд, дом 12",район Покровское-Стрешнево
1802,улица Генерала Ермолова,1,"37.518057,55.73479","город Москва, улица Генерала Ермолова, дом 4",район Дорогомилово
1803,Выползов переулок,1,"37.626861,55.779469","город Москва, Выползов переулок, дом 7, строение 2",Мещанский район
1804,Нововладыкинский проезд,1,"37.57492,55.851429","город Москва, Нововладыкинский проезд, дом 8, строение 5",район Отрадное
1805,Парусный проезд,1,"37.449884,55.846937","город Москва, Парусный проезд, дом 5, строение 1",район Южное Тушино
1806,Педагогическая улица,1,"37.666288,55.596122","город Москва, Педагогическая улица, дом 3",район Бирюлёво Восточное
1807,Пулковская улица,1,"37.487793,55.844935","город Москва, Пулковская улица, дом 6",Головинский район
1808,3-я Железногорская улица,1,"37.548267,55.5217","город Москва, 3-я Железногорская улица, дом 11А",район Южное Бутово
1809,Боровая улица,1,"37.714033,55.770877","город Москва, Боровая улица, дом 10, корпус 2",район Лефортово
1810,Боровский проезд,1,"37.38207,55.652258","город Москва, Боровский проезд, дом 17А",район Солнцево
1811,проезд Донелайтиса,1,"37.420482,55.846108","город Москва, проезд Донелайтиса, дом 30",район Южное Тушино
1812,проезд Досфлота,1,"37.459235,55.840841","город Москва, проезд Досфлота, дом 2, строение 1",район Южное Тушино
1813,3-й проезд Подбельского,1,"37.723187,55.81913","город Москва, 3-й проезд Подбельского, дом 22, корпус 3",район Богородское
1814,Ботанический переулок,1,"37.637668,55.77792","город Москва, Ботанический переулок, дом 5",Мещанский район
1815,проезд Нансена,1,"37.653235,55.849413","город Москва, проезд Нансена, владение 3Б",район Свиблово
1816,Посланников переулок,1,"37.683194,55.770831","город Москва, Посланников переулок, дом 9, строение 5",Басманный район
1817,Попов проезд,1,"37.697442,55.783185","город Москва, Попов проезд, дом 2",район Сокольники
1818,Полтавская улица,1,"37.573088,55.793677","город Москва, Полтавская улица, дом 3",Савёловский район
1819,Бродников переулок,1,"37.616189,55.737015","город Москва, Бродников переулок, дом 10, корпус 2",район Якиманка
1820,проезд Черепановых,1,"37.512802,55.833364","город Москва, проезд Черепановых, дом 6, строение 1",район Коптево
1821,3-й Угрешский проезд,1,"37.699822,55.712315","город Москва, 3-й Угрешский проезд, дом 8, строение 2",район Печатники
1822,проезд Якушкина,1,"37.611131,55.861029","город Москва, проезд Якушкина, дом 7",район Отрадное
1823,Полевая улица,1,no coordinates,"Полевая улица, дом 20",no_region
1824,Прибрежный проезд,1,"37.465263,55.873405","город Москва, Прибрежный проезд, дом 12",район Левобережный
1825,Большой Трёхсвятительский переулок,1,"37.646049,55.754978","город Москва, Большой Трёхсвятительский переулок, дом 4",no_region
1826,3-й Стрелецкий проезд,1,"37.6047,55.795357","город Москва, 3-й Стрелецкий проезд, дом 3",район Марьина Роща
1827,Причальный проезд,1,"37.51777,55.759223","город Москва, Причальный проезд, дом 7, строение 1",Пресненский район
1828,Пуговишников переулок,1,"37.586374,55.732144","город Москва, Пуговишников переулок, дом 7",район Хамовники
1829,3-я Подрезковская улица,1,"37.356091,55.940573","город Москва, 3-я Подрезковская улица, дом 14, строение 2",Молжаниновский район
1830,Прохладная улица,1,"37.673187,55.61628","город Москва, Прохладная улица, дом 28",район Бирюлёво Восточное
1831,переулок Васнецова,1,"37.625783,55.775697","город Москва, переулок Васнецова, дом 2",Мещанский район
1832,переулок Красина,1,"37.581954,55.767539","город Москва, переулок Красина, дом 16, строение 10",Пресненский район
1833,переулок Маяковского,1,"37.660521,55.739498","город Москва, переулок Маяковского, дом 3",Таганский район
1834,переулок Расковой,1,"37.576331,55.78645","город Москва, переулок Расковой, дом 14А",район Беговой
1835,Проточный переулок,1,"37.58058,55.750165","город Москва, Проточный переулок, дом 7",район Арбат
1836,переулок Хользунова,1,"37.580499,55.730096","город Москва, переулок Хользунова, дом 8",район Хамовники
1837,Прокатная улица,1,"37.836645,55.760114","город Москва, Прокатная улица, дом 7",район Ивановское
1838,3-я Песчаная улица,1,"37.51785,55.792645","город Москва, 3-я Песчаная улица, дом 2",Хорошёвский район
1839,3-я Новоостанкинская улица,1,"37.626654,55.817537","город Москва, 3-я Новоостанкинская улица, дом 6",Останкинский район
1840,площадь Журавлёва,1,"37.70231,55.784","город Москва, площадь Журавлёва, дом 2, строение 2",район Соколиная Гора
1841,Производственная улица,1,"37.381028,55.649647","город Москва, Производственная улица, дом 1, корпус 1, строение 1",район Солнцево
1842,Проектируемый проезд № 1980,1,"37.43728,55.67225","город Москва, проектируемый проезд № 1980, дом 4",район Очаково-Матвеевское
1843,проспект 40 лет Октября,1,"37.746409,55.68158","город Москва, проспект 40 лет Октября, дом 7, строение 2",район Люблино
1844,Брошевский переулок,1,"37.672594,55.735125","город Москва, Брошевский переулок, дом 21",Таганский район
1845,Пенягинская улица,1,"37.359513,55.836059","город Москва, Пенягинская улица, дом 14",район Митино
1846,улица Академика Арцимовича,1,"37.515137,55.642159","город Москва, улица Академика Арцимовича, дом 7",район Коньково
1847,Петроверигский переулок,1,"37.636608,55.756791","город Москва, Петроверигский переулок, дом 4, строение 1",no_region
1848,Песчаный переулок,1,"37.508418,55.799684","город Москва, Песчаный переулок, дом 6",район Сокол
1849,2-я улица Марьиной Рощи,1,"37.620186,55.799674","город Москва, 2-я улица Марьиной Рощи, дом 22",район Марьина Роща
1850,Песчаная улица,1,"37.514922,55.803266","город Москва, Песчаная улица, дом 2А, строение 4",район Сокол
1851,2-я улица Бухвостова,1,"37.707557,55.798161","город Москва, 2-я улица Бухвостова, дом 6",район Преображенское
1852,Пестовский переулок,1,"37.659218,55.745301","город Москва, Пестовский переулок, дом 3, строение 1",Таганский район
1853,улица Академика Комарова,1,"37.594908,55.829092","город Москва, улица Академика Комарова, дом 5А",район Марфино
1854,2-я Ямская улица,1,"37.608293,55.794629","город Москва, 2-я Ямская улица, дом 4",район Марьина Роща
1855,Перовский проезд,1,"37.710225,55.744358","город Москва, Перовский проезд, дом 35, строение 8",район Лефортово
1856,улица Академика Опарина,1,"37.49992,55.643856","город Москва, улица Академика Опарина, дом 4",Обручевский район
1857,улица Академика Павлова,1,"37.407573,55.748756","город Москва, улица Академика Павлова, дом 25",район Кунцево
1858,улица Академика Петровского,1,"37.60735,55.718953","город Москва, улица Академика Петровского, дом 10",Донской район
1859,улица Академика Понтрягина,1,"37.502813,55.533522","город Москва, улица Академика Понтрягина, дом 17, корпус 1",район Южное Бутово
1860,улица Академика Семёнова,1,"37.511544,55.543516","город Москва, улица Академика Семёнова, дом 3",район Южное Бутово
1861,Бутиковский переулок,1,"37.602184,55.737801","город Москва, Бутиковский переулок, дом 7",район Хамовники
1862,Петровско-Разумовская аллея,1,"37.560574,55.793693","город Москва, Петровско-Разумовская аллея, дом 10, корпус 3",район Аэропорт
1863,2-я улица Энтузиастов,1,"37.729017,55.750185","город Москва, 2-я улица Энтузиастов, дом 5",район Перово
1864,3-й Павловский переулок,1,"37.628631,55.718877","город Москва, 3-й Павловский переулок, дом 2",Даниловский район
1865,улица Айвазовского,1,"37.54003,55.613656","город Москва, улица Айвазовского, владение 7, строение 1",район Ясенево
1866,Пожарский переулок,1,"37.600675,55.741744","город Москва, Пожарский переулок, дом 15",район Хамовники
1867,Подсосенский переулок,1,"37.649966,55.758301","город Москва, Подсосенский переулок, дом 8, строение 2",Басманный район
1868,Подольская улица,1,"37.71345,55.65178","город Москва, Подольская улица, дом 15",район Марьино
1869,Будайская улица,1,"37.665156,55.831903","город Москва, Будайская улица, дом 3",район Ростокино
1870,Плетешковский переулок,1,"37.674409,55.771408","город Москва, Плетешковский переулок, дом 2",Басманный район
1871,Платовская улица,1,"37.555193,55.744799","город Москва, Платовская улица, дом 4",район Дорогомилово
1872,улица 2-я Пятилетка,1,"37.168478,55.979551","город Москва, город Зеленоград, улица Вторая Пятилетка, дом 18А",no_region
1873,3-й Лучевой просек,1,"37.672747,55.79849","город Москва, 3-й Лучевой просек, дом 4А",no_region
1874,Будайский проезд,1,"37.668767,55.836064","город Москва, Будайский проезд, дом 8",район Ростокино
1875,улица Авиаконструктора Микояна,1,"37.527588,55.792589","город Москва, улица Авиаконструктора Микояна, дом 12",Хорошёвский район
1876,Печорская улица,1,"37.657269,55.865869","город Москва, Печорская улица, дом 18",Бабушкинский район
1877,3-й Лихачёвский переулок,1,"37.516844,55.846851","город Москва, 3-й Лихачёвский переулок, дом 2А",Головинский район
1878,3-й Кожуховский проезд,1,"37.675289,55.70777","город Москва, 3-й Кожуховский проезд, дом 3А",Южнопортовый район
1879,3-й Кадашёвский переулок,1,"37.624202,55.742407","город Москва, 3-й Кадашёвский переулок, дом 2",район Якиманка
1880,3-й Дорожный проезд,1,"37.614806,55.599967","город Москва, 3-й Дорожный проезд, дом 6А",район Чертаново Южное
1881, 1-й Кожуховский проезд,1,no coordinates,"город Москва, 1-й Кожуховский проезд, дом 17",no_region
